Natural crisis;Social crisis;Economic crisis;Technological crisis
Earthquakes;Conflicts;Financial crises;Cybersecurity
Tsunami;Wars;Market Crashes;Hacker attacks
Hurricanes;Internal conflicts;Bankruptcy cases;Data leaks
Floods;Terrorism;Defaults;Viruses
Forest fires;Tension between countries;Inflation;extortion software
Volcanic eruptions;Social unrest;Deflation;IT problems
Natural disasters;Protests;Recessions;System failures
Environmental disasters;Riots;Economic downturn;Server crashes
Environmental damage;Mass riots;Unemployment;Network issues
Environmental degradation;Social movements;Decline in GDP;Problems of artificial intelligence
Threats to biodiversity;Human rights;Trade crises;AI malfunctions
Decrease in water quality;Discrimination;Trade wars;Incorrect AI decision-making
Sea level rise;Inequality;The embargo;Infrastructure issues
Melting glaciers;Poverty;Sanctions;Accidents on communication networks
Dry periods;Unemployment;Debt crises;Disruptions in critical infrastructure
Droughts;Social inequality;Public debt;Cyber attacks on critical infrastructure
Temperature rise;Xenophobia;Corporate debt;Threats to information security
Extreme weather events;Racism;Currency crises;Protection from cyber threats
Pollution ;Sexism;Devaluation;Data security
Cyclones;Homophobia;Inflationary shocks;Data encryption
Tornado;Transphobia;Economic instability;Remote work and security
Hail;Violations of women's rights;Financial shocks;Cloud computing and security
Lightning bolts;Child poverty;Banking crises;AI and cybersecurity
Floods in cities;Problems of education;Credit crises;Security automation
Agricultural losses;Access to healthcare;Liquidation crises;Incident management
Damage to infrastructure;Social isolation;Global economic problems;Responding to cyber attacks
Evacuation of the population;Mental health;Regional economic crises;Technological failures
Emergency situations;Depression;Sectoral crises;Software issues
Rescue work;Anxiety;Industry crises;Security Updates
Recovery efforts;Social networks and the psyche;The automotive crisis;Security Patches
Ecosystem restoration;Cyberbullying;The oil crisis;Vulnerabilities in the code
Nature conservation;Online harassment;The energy crisis;Exploits
Risk reduction;Social protests;The food crisis;Pretentious Software
Disaster prevention;Meetings;Financial regulations;Phishing attacks
Nature monitoring;Pickets;Economic policy;Social engineering
Forecasting natural disasters;Social media and protests;Fiscal policy;Attacks on people
Early warning systems;Civil disobedience;Monetary policy;Physical IT security
Adaptation measures;Social rights movements;Economic stabilization;Protection against DDoS attacks
Sustainable development;Feminism;Anti-crisis measures;Protection against SQL injection
Environmental policy;is a social kink;Economic recovery;Protection against XSS attacks
Wildlife conservation;Anti-racist movements;Structural reforms;Cryptography
Forest protection;Peaceful protests;Macroeconomic stability;Quantum Security
Pollution control;Social justice;Microeconomic stability;Biometric security
Waste management;Equality of opportunity;Investment climate;IoT Security
Environmental audit;Protection of minorities;Business environment;Smart City Security
Environmental impact assessment;Fighting crime;Competition in the market;Cyberforensis
Environmental standards;Social support;Antitrust laws;Forensic examination
Rules of nature protection;Refugee assistance;Consumer protection;Technologies for investigation
Environmental education;Migration management;Economic security;Cybersecurity Tools
Environmental responsibility;Social policy;Sustainable economic development;Cybersecurity education
